{"calc1":489.24222528889703,"calc10":490.97682906131206,"calc11":496.6418559468222,"calc12":498.2119602854475,"calc13":494.9400878893093,"calc14":498.8890753358637,"calc15":507.0685532353154,"calc16":478.60208573564535,"calc17":507.7273018537048,"calc18":498.0857181454382,"calc19":491.57893086038484,"calc2":507.99108634496315,"calc20":512.5713343069631,"calc21":490.70513650348323,"calc22":503.09519313311966,"calc23":479.90880098807435,"calc24":499.55583028959853,"calc25":492.47337265482776,"calc26":490.276486180808,"calc27":505.1120957968536,"calc28":501.7421276163248,"calc29":497.978664808297,"calc3":494.8711738530663,"calc30":504.1348319222444,"calc31":496.3226245017538,"calc32":494.7889546167889,"calc33":496.85501239754797,"calc34":500.118351252007,"calc35":514.2385954029215,"calc36":507.7075216761662,"calc37":500.7301512201582,"calc38":484.0094541505988,"calc39":515.1629088250755,"calc4":506.2929507754418,"calc40":497.2697258701419,"calc41":509.3676323355125,"calc42":486.52495268427793,"calc43":503.3532840950921,"calc44":487.77498447719563,"calc45":501.89229807082137,"calc46":508.969649128428,"calc47":507.5647073206627,"calc49":492.6888163661363,"calc5":493.48295678391867,"calc6":499.58922716067406,"calc7":493.79482175554824,"calc8":493.63029837810603,"calc9":506.4492564206109}
